{
    "Valle d'Aosta": [45.738966, 7.391724],
    "Piemonte": [45.067843, 7.851320],
    "Liguria": [44.084245, 8.889903],
    "Lombardia": [45.585980, 9.703411],
    "Trentino-Alto Adige": [46.435552, 11.225836],
    "Veneto": [45.560252, 11.926862],
    "Friuli-Venezia Giulia": [46.226633, 13.018004],
    "Emilia-Romagna": [44.494360, 11.138887],
    "Toscana": [43.423122, 11.337917],
    "Umbria": [42.976694, 12.552962],
    "Marche": [43.376338, 13.245161],
    "Lazio": [41.988602, 12.754283],
    "Abruzzo": [42.224191, 13.950745],
    "Molise": [41.673325, 14.644585],
    "Campania": [40.896726, 14.820118],
    "Puglia": [40.930062, 16.803171],
    "Basilicata": [40.492515, 16.048494],
    "Calabria": [39.026677, 16.455548],
    "Sicilia": [37.572507, 14.411219],
    "Sardegna": [40.075161, 9.153711]
}